{
  "precision": 0.9859154929577465,
  "recall": 0.7933333333333333,
  "f1": 0.8792020687107499,
  "accuracy": 0.891,
  "yes": 0.4023333333333333,
  "unknow": 0.0,
  "true_pos": 1190,
  "true_neg": 1483,
  "false_pos": 17,
  "false_neg": 310,
  "unknown": 0,
  "total_questions": 3000
}