{
  "precision": 0.9296875,
  "recall": 0.7933333333333333,
  "f1": 0.856115107913669,
  "accuracy": 0.8666666666666667,
  "yes": 0.4266666666666667,
  "unknow": 0.0,
  "true_pos": 1190,
  "true_neg": 1410,
  "false_pos": 90,
  "false_neg": 310,
  "unknown": 0,
  "total_questions": 3000
}