{
  "precision": 0.9573612228479486,
  "recall": 0.7933333333333333,
  "f1": 0.8676631425446591,
  "accuracy": 0.879,
  "yes": 0.41433333333333333,
  "unknow": 0.0,
  "true_pos": 1190,
  "true_neg": 1447,
  "false_pos": 53,
  "false_neg": 310,
  "unknown": 0,
  "total_questions": 3000
}