{
  "precision": 0.9859851607584501,
  "recall": 0.7973333333333333,
  "f1": 0.8816807961666052,
  "accuracy": 0.893,
  "yes": 0.4043333333333333,
  "unknow": 0.0,
  "true_pos": 1196,
  "true_neg": 1483,
  "false_pos": 17,
  "false_neg": 304,
  "unknown": 0,
  "total_questions": 3000
}