{
  "per_category": {
    "artwork": {
      "num_questions": 400,
      "num_pairs": 200,
      "num_correct": 324,
      "num_pair_correct": 130,
      "acc": 81.0,
      "acc_plus": 65.0,
      "score": 146.0
    },
    "celebrity": {
      "num_questions": 154,
      "num_pairs": 77,
      "num_correct": 129,
      "num_pair_correct": 53,
      "acc": 83.76623376623377,
      "acc_plus": 68.83116883116884,
      "score": 152.5974025974026
    },
    "ocr": {
      "num_questions": 40,
      "num_pairs": 20,
      "num_correct": 30,
      "num_pair_correct": 11,
      "acc": 75.0,
      "acc_plus": 55.00000000000001,
      "score": 130.0
    }
  },
  "totals": {
    "perception": 428.5974025974026,
    "cognition": 0.0,
    "total": 428.5974025974026
  },
  "num_predictions": 594
}
